top,popular
The Shawshank Redemption,Minions
Fight Club,Interstellar
The Dark Knight,Deadpool
Pulp Fiction,Guardians of the Galaxy
Inception,Mad Max: Fury Road
The Godfather,Jurassic World
Interstellar,Pirates of the Caribbean: The Curse of the Black Pearl
Forrest Gump,Dawn of the Planet of the Apes
The Lord of the Rings: The Return of the King,The Hunger Games: Mockingjay - Part 1
The Empire Strikes Back,Big Hero 6
The Lord of the Rings: The Fellowship of the Ring,Terminator Genisys
Star Wars,Captain America: Civil War
Schindler's List,Whiplash
Whiplash,The Dark Knight
The Lord of the Rings: The Two Towers,The Martian
Se7en,Inception
Guardians of the Galaxy,Frozen
The Matrix,Batman v Superman: Dawn of Justice
Spirited Away,Avatar
Inside Out,Fight Club
